,Log,Policy,Optimization,Cost,Flow time,Waiting,Workload
0,ConsultaDataMining201618,No policy,Flow time,122583641.69047621,6730716.285714285,27.571428571428573,39.34600897671947
