,Log,Policy,Optimization,Cost,Flow time,Waiting,Workload
0,ConsultaDataMining201618,Preference,Cost,121151833.71428572,7317200.142857143,586511.2857142857,0.17341892008444965
