,Log,Policy,Optimization,Cost,Flow time,Waiting,Workload
0,ConsultaDataMining201618,Cooperation,Flow time,121151992.57142858,7317200.142857143,586511.2857142857,0.1809588731315996
