,Log,Policy,Optimization,Cost,Flow time,Waiting,Workload
0,Production,Preference,Waiting time,1070055800.0714285,114009037.28571428,55195250.28571428,0.47228860497647074
