,Log,Policy,Optimization,Cost,Flow time,Waiting,Workload
0,Production,Baseline,Baseline,1070055064.0,114077063.57142857,55263275.85714286,0.7960328064742852
