,Log,Policy,Optimization,Cost,Flow time,Waiting,Workload
0,Production,Cooperation,Multiobjective,1064653395.2995391,246997357.94930872,18901003.728110597,0.19394866145655112
