,Log,Policy,Optimization,Cost,Flow time,Waiting,Workload
0,Production,No policy,Multiobjective,1000604714.8571429,218422268.14285713,34661757.571428575,0.286506520212473
