,Log,Policy,Optimization,Cost,Flow time,Waiting,Workload
0,Production,Preference,Cost,944971947.7922077,120268175.72727273,61454389.76623377,0.5617381173634215
