,Log,Policy,Optimization,Cost,Flow time,Waiting,Workload
0,Production,Cooperation,Cost,882228008.5119047,124130879.1904762,65317091.547619045,0.42559067211586865
