,Log,Policy,Optimization,Cost,Flow time,Waiting,Workload
0,Production,Cooperation,Flow time,1070055755.3333334,113989470.42857142,55175684.428571425,0.5948006691540406
