,Log,Policy,Optimization,Cost,Flow time,Waiting,Workload
0,PurchasingExample,Preference,Cost,1695678.9285714286,263950.0892857143,160813.23214285713,0.0638008630326727
