,Log,Policy,Optimization,Cost,Flow time,Waiting,Workload
0,ConsultaDataMining201618,Baseline,Baseline,121151892.0,23441962.42857143,16711273.57142857,0.35143000675787556
