,Log,Policy,Optimization,Cost,Flow time,Waiting,Workload
0,ConsultaDataMining201618,No policy,Cost,121148833.28571428,7317544.875,586856.0178571428,0.17530390834623713
