,Log,Policy,Optimization,Cost,Flow time,Waiting,Workload
0,ConsultaDataMining201618,No policy,Cost,103392486.0,7461638.971428571,730950.1142857143,0.18819722805686362
