,Log,Policy,Optimization,Cost,Flow time,Waiting,Workload
0,ConsultaDataMining201618,No policy,Waiting time,121151992.57142857,7317200.142857143,586511.2857142856,0.1692300572804774
