,Log,Policy,Optimization,Cost,Flow time,Waiting,Workload
0,ConsultaDataMining201618,Preference,Multiobjective,104006008.28571428,7317200.142857143,586511.2857142857,0.16587896703729962
