,Log,Policy,Optimization,Cost,Flow time,Waiting,Workload
0,ConsultaDataMining201618,Cooperation,Multiobjective,119906814.84507042,7226336.446680081,495647.6116700201,6.6761719351383535
