,Log,Policy,Optimization,Cost,Flow time,Waiting,Workload
0,ConsultaDataMining201618,No policy,Multiobjective,105409943.34489797,6734912.2561224485,4223.54081632653,38.99820646271876
