,Log,Policy,Optimization,Cost,Flow time,Waiting,Workload
0,ConsultaDataMining201618,Cooperation,Waiting time,122583753.42857143,6730716.285714285,27.571428571428573,42.804998776870626
