,Log,Policy,Optimization,Cost,Flow time,Waiting,Workload
0,ConsultaDataMining201618,Cooperation,Cost,115368667.23809522,8196025.38095238,1465336.5238095236,0.19101214386113294
