,Log,Policy,Optimization,Cost,Flow time,Waiting,Workload
0,Production,Preference,Multiobjective,1069594809.2959183,254601494.65561223,17292617.42857143,0.15583864695562602
