,Log,Policy,Optimization,Cost,Flow time,Waiting,Workload
0,Production,No policy,Multiobjective,952459695.3333334,114027781.28571428,55213996.333333336,0.5028868019354128
