,Log,Policy,Optimization,Cost,Flow time,Waiting,Workload
0,Production,Cooperation,Cost,1070044514.5714287,114085381.28571428,55236790.238095246,0.5473964820372181
