,Log,Policy,Optimization,Cost,Flow time,Waiting,Workload
0,Production,Cooperation,Flow time,1070849459.1428571,114008420.14285713,55194634.85714286,0.5438658546705986
