,Log,Policy,Optimization,Cost,Flow time,Waiting,Workload
0,Production,No policy,Flow time,1112607063.7404146,113990293.28571428,55176505.004474804,0.4583845353125873
