,Log,Policy,Optimization,Cost,Flow time,Waiting,Workload
0,Production,No policy,Waiting time,1067519807.2063493,114027781.28571428,55213995.571428575,0.46673704074816313
