,Log,Policy,Optimization,Cost,Flow time,Waiting,Workload
0,Production,No policy,Flow time,1117412148.7857141,113990293.28571428,55176505.0,0.46079200994232083
