,Log,Policy,Optimization,Cost,Flow time,Waiting,Workload
0,Production,No policy,Cost,882239637.0,114027781.28571428,55213996.71428571,0.5161206651442394
