,Log,Policy,Optimization,Cost,Flow time,Waiting,Workload
0,Production,No policy,Cost,882206217.8571428,114028096.71428572,55214311.571428575,0.6082724547447801
