,Log,Policy,Optimization,Cost,Flow time,Waiting,Workload
0,PurchasingExample,Preference,Flow time,1764816.7272727273,286423.8571428572,184148.42857142855,0.06568280363162009
