,Log,Policy,Optimization,Cost,Flow time,Waiting,Workload
0,PurchasingExample,Cooperation,Flow time,1713443.6984126982,250970.85714285713,144878.2857142857,0.055364446387791894
