,Log,Policy,Optimization,Cost,Flow time,Waiting,Workload
0,PurchasingExample,No policy,Cost,1841368.4285714286,347450.71428571426,255803.85714285713,0.08140876480800655
