,Log,Policy,Optimization,Cost,Flow time,Waiting,Workload
0,PurchasingExample,No policy,Waiting time,1893476.2857142857,346864.4285714286,255217.57142857142,0.08185862388580155
