,Log,Policy,Optimization,Cost,Flow time,Waiting,Workload
0,PurchasingExample,Preference,Waiting time,1835485.4857142859,317831.77142857143,222530.05714285714,0.08131140858825621
