,Log,Policy,Optimization,Cost,Flow time,Waiting,Workload
0,PurchasingExample,No policy,Cost,1272552.2857142857,233496.57142857142,118895.42857142857,0.046421692079042016
