,Log,Policy,Optimization,Cost,Flow time,Waiting,Workload
0,PurchasingExample,Cooperation,Cost,1632752.1428571427,232567.17857142855,118754.60714285713,0.04918659352806543
