,Log,Policy,Optimization,Cost,Flow time,Waiting,Workload
0,PurchasingExample,Preference,Flow time,1759088.5714285714,267216.0408163265,165126.73469387757,0.06401845498550027
